SDI,Country,IN REPORTED CURRENCY,CURRENCY REPORTED,INTERNATIONAL DOLLARS (PPP),IN US$ AT OFFICIAL EXCHANGE RATES,SPECIFIC EXCISE,AD VALOREM EXCISE,VALUE ADDED TAX/SALES TAX,IMPORT DUTIES,OTHER TAXES,TOTAL TAX +,Current Tax (USD),Base price (USD),Additional excise tax (USD),New total tax (USD),New total price (USD),Tax (%),Price increase (%),Tobacco reduction (%),
Low SDI,Afghanistan,   30.00,AFN,1.50,0.44,0.00%,0.00%,0.00%,2.30%,0.00%,2.30%,0.01012,0.43,1.27952,1.28964,1.72,0.75,291%,100%,
Middle SDI,Albania,   230.00,ALL,5.23,1.88,47.83%,0.00%,16.67%,1.81%,0.00%,66.31%,1.246628,0.63,0.653488,1.900116,2.53,0.75,35%,17%,
Middle SDI,Algeria,   135.00,DZD,4.62,1.22,24.01%,5.69%,13.35%,0.00%,0.00%,43.06%,0.525332,0.69,1.558672,2.084004,2.78,0.75,128%,61%,
Middle SDI,American Samoa,NA,NA,NA,NA,NA,NA,NA,NA,NA,NA,NA,NA,NA,NA,NA,NA,NA,NA,
High SDI,Andorra,   3.50,EUR,NA,3.89,69.64%,0.00%,4.31%,0.00%,0.00%,73.94%,2.876266,1.01,0.164936,3.041202,4.05,0.75,4%,2%,
Low SDI,Angola,NA,NA,NA,NA,NA,NA,NA,NA,NA,NA,NA,NA,NA,NA,NA,NA,NA,NA,
High-middle SDI,Antigua and Barbuda,   8.00,XCD,4.94,2.96,0.00%,0.00%,13.04%,0.00%,2.43%,15.47%,0.457912,2.50,7.048352,7.506264,10.01,0.75,238%,100%,
High-middle SDI,Argentina,   40.00,ARS,4.35,2.67,0.00%,76.10%,4.15%,0.00%,0.00%,80.25%,2.142675,0.53,0,2.142675,2.67,0.8025,0%,0%,
High-middle SDI,Armenia,   600.00,AMD,3.06,1.26,18.33%,0.00%,16.67%,0.00%,0.00%,35.00%,0.441,0.82,2.016,2.457,3.28,0.75,160%,77%,
High SDI,Australia,   21.00,AUD,14.86,15.80,51.17%,0.00%,9.09%,0.00%,0.00%,60.27%,9.52266,6.28,9.30936,18.83202,25.11,0.75,59%,28%,
High SDI,Austria,   5.00,EUR,6.00,5.56,20.00%,39.00%,16.67%,0.00%,0.00%,75.67%,4.207252,1.35,0,4.207252,5.56,0.7567,0%,0%,
High-middle SDI,Azerbaijan,   2.80,AZN,8.51,1.77,2.86%,0.00%,15.25%,0.00%,0.00%,18.11%,0.320547,1.45,4.027812,4.348359,5.80,0.75,228%,100%,
High-middle SDI,The Bahamas,   8.95,BSD,8.97,8.95,33.52%,0.00%,6.98%,0.00%,0.00%,40.50%,3.62475,5.33,12.351,15.97575,21.30,0.75,138%,66%,
Middle SDI,Bahrain,   1.50,BHD,8.33,3.99,13.33%,0.00%,0.00%,13.33%,0.00%,26.67%,1.064133,2.93,7.713468,8.777601,11.70,0.75,193%,93%,
Low-middle SDI,Bangladesh,   100.00,BDT,3.39,1.28,0.00%,62.00%,15.00%,0.00%,0.00%,77.00%,0.9856,0.29,0,0.9856,1.28,0.77,0%,0%,
High-middle SDI,Barbados,   15.00,BBD,8.06,7.50,25.07%,0.00%,14.89%,0.00%,0.00%,39.96%,2.997,4.50,10.512,13.509,18.01,0.75,140%,67%,
High-middle SDI,Belarus,  9 600.00,BYR,1.66,0.48,31.88%,0.00%,16.67%,0.00%,0.00%,48.54%,0.232992,0.25,0.508032,0.741024,0.99,0.75,106%,51%,
High SDI,Belgium,   6.32,EUR,7.63,7.02,12.51%,45.84%,17.36%,0.00%,0.00%,75.71%,5.314842,1.71,0,5.314842,7.02,0.7571,0%,0%,
Low-middle SDI,Belize,   5.00,BZD,4.36,2.50,26.00%,0.00%,11.11%,0.00%,0.00%,37.11%,0.92775,1.57,3.789,4.71675,6.29,0.75,152%,73%,
Low SDI,Benin,   500.00,XOF,2.31,0.85,0.00%,3.95%,1.78%,0.00%,0.69%,6.42%,0.05457,0.80,2.33172,2.38629,3.18,0.75,274%,100%,
High-middle SDI,Bermuda,NA,NA,NA,NA,NA,NA,NA,NA,NA,NA,NA,NA,NA,NA,NA,NA,NA,NA,
Low-middle SDI,Bhutan,NA,NA,NA,NA,NA,NA,NA,NA,NA,NA,NA,NA,NA,NA,NA,NA,NA,NA,
Low-middle SDI,Bolivia,   11.00,BOB,3.52,1.59,0.00%,27.85%,11.50%,0.00%,0.00%,39.36%,0.625824,0.96,2.266704,2.892528,3.86,0.75,143%,68%,
Middle SDI,Bosnia and Herzegovina,   4.50,BAM,6.61,2.56,26.67%,42.00%,14.53%,1.06%,0.00%,84.25%,2.1568,0.40,0,2.1568,2.56,0.8425,0%,0%,
Middle SDI,Botswana,   33.33,BWP,8.83,3.12,29.64%,9.36%,10.71%,0.00%,0.00%,49.72%,1.551264,1.57,3.154944,4.706208,6.27,0.75,101%,49%,
Middle SDI,Brazil,   6.24,BRL,3.17,1.91,22.44%,9.54%,25.00%,0.00%,10.97%,67.95%,1.297845,0.61,0.53862,1.836465,2.45,0.75,28%,14%,
High SDI,Brunei,NA,NA,NA,NA,NA,NA,NA,NA,NA,NA,NA,NA,NA,NA,NA,NA,NA,NA,
High-middle SDI,Bulgaria,   4.90,BGN,7.94,2.78,28.57%,38.00%,16.67%,0.00%,0.00%,83.24%,2.314072,0.47,0,2.314072,2.78,0.8324,0%,0%,
Low SDI,Burkina Faso,   650.00,XOF,3.06,1.10,0.00%,19.56%,15.25%,0.00%,0.00%,34.81%,0.38291,0.72,1.76836,2.15127,2.87,0.75,161%,77%,
Low SDI,Burundi,  1 600.00,BIF,2.57,0.96,27.50%,0.00%,15.25%,0.00%,0.00%,42.75%,0.4104,0.55,1.2384,1.6488,2.20,0.75,129%,62%,
Low-middle SDI,Cape Verde,   180.00,CVE,3.87,1.81,0.00%,12.38%,11.14%,0.00%,0.31%,23.84%,0.431504,1.38,3.703984,4.135488,5.51,0.75,205%,98%,
Low-middle SDI,Cambodia,  2 000.00,KHR,1.44,0.49,0.00%,16.11%,9.09%,0.00%,0.00%,25.20%,0.12348,0.37,0.97608,1.09956,1.47,0.75,199%,96%,
Low-middle SDI,Cameroon,   500.00,XAF,2.14,0.85,0.00%,7.85%,4.65%,7.24%,1.57%,21.31%,0.181135,0.67,1.82546,2.006595,2.68,0.75,215%,100%,
High SDI,Canada,   10.29,CAD,8.54,7.89,57.24%,0.00%,8.97%,0.00%,0.00%,66.21%,5.223969,2.67,2.774124,7.998093,10.66,0.75,35%,17%,
Low SDI,Central African Republic,NA,NA,NA,NA,NA,NA,NA,NA,NA,NA,NA,NA,NA,NA,NA,NA,NA,NA,
Low SDI,Chad,   750.00,XAF,3.72,1.27,0.00%,16.38%,15.25%,0.00%,2.83%,34.47%,0.437769,0.83,2.058924,2.496693,3.33,0.75,162%,78%,
High-middle SDI,Chile,  2 178.00,CLP,5.75,3.28,43.16%,30.00%,15.97%,0.00%,0.00%,89.13%,2.923464,0.36,0,2.923464,3.28,0.8913,0%,0%,
Middle SDI,China,   10.00,CNY,2.84,1.50,1.60%,34.70%,14.53%,0.00%,0.00%,50.83%,0.76245,0.74,1.4502,2.21265,2.95,0.75,97%,46%,
Middle SDI,Colombia,  2 726.00,COP,2.19,0.88,25.72%,10.00%,13.79%,0.00%,0.00%,49.51%,0.435688,0.44,0.897248,1.332936,1.78,0.75,102%,49%,
Low SDI,Comoros,   750.00,KMF,3.44,1.69,0.00%,25.15%,9.09%,2.10%,0.94%,37.28%,0.630032,1.06,2.549872,3.179904,4.24,0.75,151%,72%,
Low-middle SDI,Congo,   650.00,XAF,3.78,1.10,6.15%,14.77%,15.25%,0.00%,4.76%,40.94%,0.45034,0.65,1.49864,1.94898,2.60,0.75,136%,65%,
Middle SDI,Costa Rica,  1 700.00,CRC,4.37,3.09,26.64%,31.24%,11.50%,0.00%,0.00%,69.38%,2.143842,0.95,0.694632,2.838474,3.78,0.75,22%,11%,
Low SDI,Cote d'Ivoire,   800.00,XOF,3.42,1.36,0.00%,15.75%,11.35%,0.00%,0.00%,27.10%,0.36856,0.99,2.60576,2.97432,3.97,0.75,192%,92%,
High SDI,Croatia,   24.00,HRK,6.64,3.57,19.17%,38.00%,20.00%,0.00%,0.00%,77.17%,2.754969,0.82,0,2.754969,3.57,0.7717,0%,0%,
High-middle SDI,Cuba,   7.00,CUP,NA,7.00,0.00%,70.00%,0.00%,0.00%,0.44%,70.44%,4.9308,2.07,1.2768,6.2076,8.28,0.75,18%,9%,
High SDI,Cyprus,   4.20,EUR,6.89,4.67,26.19%,34.00%,17.36%,0.00%,0.00%,77.55%,3.621585,1.05,0,3.621585,4.67,0.7755,0%,0%,
High SDI,Czech Republic,   84.00,CZK,6.28,3.45,33.10%,27.00%,17.36%,0.00%,0.00%,77.46%,2.67237,0.78,0,2.67237,3.45,0.7746,0%,0%,
Low-middle SDI,North Korea,   216.46,KPW,NA,2.00,0.00%,0.00%,0.00%,0.00%,0.00%,0.00%,0,2.00,6,6,8.00,0.75,300%,100%,
Low SDI,Democratic Republic of the Congo,   850.00,CDF,1.51,0.85,12.89%,10.21%,13.79%,10.21%,0.00%,47.10%,0.40035,0.45,0.9486,1.34895,1.80,0.75,112%,54%,
High SDI,Denmark,   44.00,DKK,5.77,6.57,53.75%,1.00%,20.00%,0.00%,0.00%,74.75%,4.911075,1.66,0.0657,4.976775,6.64,0.75,1%,0%,
Low SDI,Djibouti,   200.00,DJF,1.99,1.13,0.00%,26.30%,2.30%,0.00%,0.00%,28.60%,0.32318,0.81,2.09728,2.42046,3.23,0.75,186%,89%,
Middle SDI,Dominica,   4.30,XCD,2.47,1.59,11.26%,0.00%,13.04%,0.00%,0.00%,24.30%,0.38637,1.20,3.22452,3.61089,4.81,0.75,203%,97%,
Middle SDI,Dominican Republic,   150.00,DOP,7.28,3.26,33.40%,8.56%,15.25%,0.00%,0.00%,57.21%,1.865046,1.39,2.319816,4.184862,5.58,0.75,71%,34%,
Middle SDI,Ecuador,   5.20,USD,9.58,5.20,61.54%,0.00%,12.28%,0.00%,0.00%,73.82%,3.83864,1.36,0.24544,4.08408,5.45,0.75,5%,2%,
Middle SDI,Egypt,   10.00,EGP,3.98,1.13,23.50%,50.00%,0.00%,0.00%,0.00%,73.50%,0.83055,0.30,0.0678,0.89835,1.20,0.75,6%,3%,
Middle SDI,El Salvador,   2.00,USD,4.12,2.00,22.50%,18.52%,11.50%,0.00%,0.00%,52.52%,1.0504,0.95,1.7984,2.8488,3.80,0.75,90%,43%,
Middle SDI,Equatorial Guinea,   500.00,XAF,2.32,0.85,0.00%,25.97%,10.13%,15.58%,0.52%,52.20%,0.4437,0.41,0.7752,1.2189,1.63,0.75,91%,44%,
Low SDI,Eritrea,   100.00,ERN,11.14,6.67,0.00%,44.64%,10.71%,0.00%,0.00%,55.36%,3.692512,2.98,5.239952,8.932464,11.91,0.75,79%,38%,
High SDI,Estonia,   3.80,EUR,7.00,4.22,30.53%,30.00%,16.67%,0.00%,0.00%,77.20%,3.25784,0.96,0,3.25784,4.22,0.772,0%,0%,
Low SDI,Ethiopia,   15.00,ETB,1.80,0.69,0.00%,13.90%,4.87%,0.00%,0.00%,18.77%,0.129513,0.56,1.551948,1.681461,2.24,0.75,225%,100%,
Middle SDI,Fiji,   12.00,FJD,10.31,5.77,30.25%,0.00%,8.26%,0.00%,0.00%,38.51%,2.222027,3.55,8.421892,10.643919,14.19,0.75,146%,70%,
High SDI,Finland,   6.12,EUR,6.57,6.80,13.56%,52.00%,19.35%,0.00%,0.00%,84.91%,5.77388,1.03,0,5.77388,6.80,0.8491,0%,0%,
High SDI,France,   7.00,EUR,8.60,7.78,13.93%,49.70%,16.67%,0.00%,0.00%,80.30%,6.24734,1.53,0,6.24734,7.78,0.803,0%,0%,
Low-middle SDI,Gabon,  1 000.00,XAF,4.22,1.69,0.00%,11.60%,5.02%,8.36%,0.40%,25.39%,0.429091,1.26,3.353636,3.782727,5.04,0.75,198%,95%,
Low SDI,The Gambia,   40.00,GMD,3.21,0.96,37.50%,0.00%,7.81%,2.43%,6.36%,54.09%,0.519264,0.44,0.802944,1.322208,1.76,0.75,84%,40%,
High-middle SDI,Georgia,   2.50,GEL,2.76,1.06,44.00%,10.00%,15.25%,0.00%,0.00%,69.25%,0.73405,0.33,0.2438,0.97785,1.30,0.75,23%,11%,
High SDI,Germany,   6.00,EUR,7.62,6.67,32.73%,21.69%,15.97%,0.00%,0.00%,70.39%,4.695013,1.97,1.229948,5.924961,7.90,0.75,18%,9%,
Low-middle SDI,Ghana,   4.99,GHS,3.61,1.26,0.00%,13.02%,14.89%,0.00%,0.19%,28.10%,0.35406,0.91,2.36376,2.71782,3.62,0.75,188%,90%,
High SDI,Greece,   4.00,EUR,6.62,4.45,41.25%,20.00%,19.35%,0.00%,0.00%,80.60%,3.5867,0.86,0,3.5867,4.45,0.806,0%,0%,
High-middle SDI,Greenland,NA,NA,NA,NA,NA,NA,NA,NA,NA,NA,NA,NA,NA,NA,NA,NA,NA,NA,
Middle SDI,Grenada,   8.60,XCD,4.68,3.19,0.00%,31.80%,13.04%,0.00%,1.89%,46.73%,1.490687,1.70,3.607252,5.097939,6.80,0.75,113%,54%,
High-middle SDI,Guam,NA,NA,NA,NA,NA,NA,NA,NA,NA,NA,NA,NA,NA,NA,NA,NA,NA,NA,
Low-middle SDI,Guatemala,   16.50,GTQ,4.12,2.18,0.00%,38.27%,10.71%,0.00%,0.00%,48.98%,1.067764,1.11,2.268944,3.336708,4.45,0.75,104%,50%,
Low SDI,Guinea,  3 500.00,GNF,0.97,0.39,0.00%,3.88%,6.35%,5.17%,0.71%,16.11%,0.062829,0.33,0.918684,0.981513,1.31,0.75,236%,100%,
Low SDI,Guinea-Bissau,   500.00,XOF,2.07,0.85,0.00%,3.53%,14.53%,1.27%,0.19%,19.52%,0.16592,0.68,1.88632,2.05224,2.74,0.75,222%,100%,
Middle SDI,Guyana,   350.00,GYD,2.97,1.69,0.00%,10.89%,13.79%,0.00%,0.00%,24.68%,0.417092,1.27,3.401632,3.818724,5.09,0.75,201%,97%,
Low SDI,Haiti,   84.00,HTG,3.36,1.32,0.00%,8.26%,9.09%,0.00%,13.77%,31.13%,0.410916,0.91,2.316336,2.727252,3.64,0.75,175%,84%,
Low-middle SDI,Honduras,   44.00,HNL,3.95,1.92,19.06%,0.00%,15.25%,0.00%,0.00%,34.31%,0.658752,1.26,3.124992,3.783744,5.04,0.75,163%,78%,
High-middle SDI,Hungary,  1 152.01,HUF,8.78,4.09,27.26%,25.00%,21.26%,0.00%,0.00%,73.52%,3.006968,1.08,0.242128,3.249096,4.33,0.75,6%,3%,
High SDI,Iceland,  1 271.00,ISK,8.57,10.65,36.18%,0.00%,19.35%,0.00%,0.00%,55.53%,5.913945,4.74,8.29422,14.208165,18.94,0.75,78%,37%,
Low-middle SDI,India,   158.00,INR,9.17,2.36,26.46%,0.00%,16.67%,0.00%,0.00%,43.12%,1.017632,1.34,3.009472,4.027104,5.37,0.75,128%,61%,
Middle SDI,Indonesia,  21 666.67,IDR,5.23,1.65,44.31%,4.43%,8.70%,0.00%,0.00%,57.44%,0.94776,0.70,1.15896,2.10672,2.81,0.75,70%,34%,
High-middle SDI,Iran,  18 000.00,IRR,2.03,0.58,11.11%,0.00%,2.68%,0.00%,6.70%,20.49%,0.118842,0.46,1.264632,1.383474,1.84,0.75,218%,100%,
Low-middle SDI,Iraq,  1 000.00,IQD,3.23,0.85,0.00%,41.45%,0.00%,10.36%,0.00%,51.82%,0.44047,0.41,0.78812,1.22859,1.64,0.75,93%,45%,
High SDI,Ireland,   10.80,EUR,12.69,12.00,50.36%,9.20%,18.70%,0.00%,0.00%,78.26%,9.3912,2.61,0,9.3912,12.00,0.7826,0%,0%,
High-middle SDI,Israel,   35.60,ILS,8.84,9.30,22.19%,46.18%,14.53%,0.00%,0.00%,82.90%,7.7097,1.59,0,7.7097,9.30,0.829,0%,0%,
High SDI,Italy,   5.20,EUR,6.96,5.78,6.88%,51.03%,18.03%,0.00%,0.00%,75.94%,4.389332,1.39,0,4.389332,5.78,0.7594,0%,0%,
Middle SDI,Jamaica,   990.30,JMD,14.30,7.85,28.27%,0.00%,14.16%,0.00%,2.05%,44.48%,3.49168,4.36,9.58328,13.07496,17.43,0.75,122%,59%,
High SDI,Japan,   440.00,JPY,4.30,4.23,55.65%,0.00%,7.41%,0.00%,0.00%,63.06%,2.667438,1.56,2.020248,4.687686,6.25,0.75,48%,23%,
Middle SDI,Jordan,   1.40,JOD,4.31,1.97,67.29%,0.00%,13.79%,0.00%,0.00%,81.08%,1.597276,0.37,0,1.597276,1.97,0.8108,0%,0%,
High-middle SDI,Kazakhstan,   290.00,KZT,2.96,0.82,34.48%,0.00%,10.71%,0.00%,0.00%,45.20%,0.37064,0.45,0.97744,1.34808,1.80,0.75,119%,57%,
Low-middle SDI,Kenya,   130.00,KES,2.82,1.28,38.46%,0.00%,13.79%,0.00%,0.00%,52.25%,0.6688,0.61,1.1648,1.8336,2.44,0.75,91%,44%,
Low SDI,Kiribati,   6.00,AUD,5.69,4.51,35.00%,0.00%,7.03%,0.00%,0.00%,42.03%,1.895553,2.61,5.947788,7.843341,10.46,0.75,132%,63%,
High-middle SDI,Kuwait,   0.75,KWD,6.76,2.48,0.00%,0.00%,0.00%,24.75%,0.00%,24.75%,0.6138,1.87,4.9848,5.5986,7.46,0.75,201%,96%,
Low-middle SDI,Kyrgyzstan,   55.00,KGS,2.60,0.81,27.27%,0.00%,10.71%,0.00%,1.00%,38.99%,0.315819,0.49,1.166724,1.482543,1.98,0.75,144%,69%,
Low-middle SDI,Laos,  7 000.00,LAK,2.54,0.86,7.14%,1.64%,9.09%,0.00%,0.55%,18.42%,0.158412,0.70,1.946352,2.104764,2.81,0.75,226%,100%,
High SDI,Latvia,   3.00,EUR,6.10,3.33,37.47%,25.00%,17.36%,0.00%,0.00%,79.83%,2.658339,0.67,0,2.658339,3.33,0.7983,0%,0%,
High-middle SDI,Lebanon,  3 250.00,LBP,3.54,2.16,0.00%,30.93%,9.01%,1.43%,0.00%,41.37%,0.893592,1.27,2.905632,3.799224,5.07,0.75,135%,65%,
Low-middle SDI,Lesotho,NA,NA,NA,NA,NA,NA,NA,NA,NA,NA,NA,NA,NA,NA,NA,NA,NA,NA,
Low SDI,Liberia,   60.00,LRD,NA,0.64,0.00%,14.48%,6.54%,1.97%,0.20%,23.19%,0.148416,0.49,1.326336,1.474752,1.97,0.75,207%,99%,
High-middle SDI,Libya,   2.00,LYD,3.30,1.44,0.00%,0.00%,1.04%,0.00%,11.00%,12.04%,0.173376,1.27,3.626496,3.799872,5.07,0.75,252%,100%,
High SDI,Lithuania,   3.10,EUR,6.94,3.45,32.70%,25.00%,17.36%,0.00%,0.00%,75.06%,2.58957,0.86,0,2.58957,3.45,0.7506,0%,0%,
High SDI,Luxembourg,   5.20,EUR,5.59,5.78,7.07%,46.65%,17.00%,0.00%,0.00%,70.72%,4.087616,1.69,0.989536,5.077152,6.77,0.75,17%,8%,
Low SDI,Madagascar,  4 000.00,MGA,4.72,1.35,0.00%,63.76%,16.67%,0.00%,0.00%,80.43%,1.085805,0.26,0,1.085805,1.35,0.8043,0%,0%,
Low SDI,Malawi,NA,NA,NA,NA,NA,NA,NA,NA,NA,NA,NA,NA,NA,NA,NA,NA,NA,NA,
High-middle SDI,Malaysia,   17.00,MYR,11.82,4.19,47.06%,0.00%,5.66%,0.00%,0.00%,52.72%,2.208968,1.98,3.734128,5.943096,7.92,0.75,89%,43%,
Middle SDI,Maldives,   47.00,MVR,5.05,3.05,0.00%,0.00%,0.00%,53.19%,0.00%,53.19%,1.622295,1.43,2.66082,4.283115,5.71,0.75,87%,42%,
Low SDI,Mali,   800.00,XOF,3.67,1.36,0.00%,11.18%,9.19%,6.51%,0.81%,27.69%,0.376584,0.98,2.573664,2.950248,3.93,0.75,189%,91%,
High SDI,Malta,   5.30,EUR,9.23,5.89,37.74%,25.00%,15.25%,0.00%,0.00%,77.99%,4.593611,1.30,0,4.593611,5.89,0.7799,0%,0%,
Low-middle SDI,Marshall Islands,   2.50,USD,2.39,2.50,0.00%,0.00%,3.85%,40.00%,10.21%,54.06%,1.3515,1.15,2.094,3.4455,4.59,0.75,84%,40%,
Low-middle SDI,Mauritania,   500.00,MRO,5.10,1.44,0.00%,11.01%,13.79%,5.51%,2.34%,32.65%,0.47016,0.97,2.43936,2.90952,3.88,0.75,169%,81%,
High-middle SDI,Mauritius,   130.00,MUR,7.86,3.68,57.18%,0.00%,13.04%,0.00%,0.00%,70.23%,2.584464,1.10,0.702144,3.286608,4.38,0.75,19%,9%,
Middle SDI,Mexico,   47.39,MXN,5.67,2.51,14.77%,38.73%,13.79%,0.00%,0.00%,67.29%,1.688979,0.82,0.774084,2.463063,3.28,0.75,31%,15%,
Low-middle SDI,Federated States of Micronesia,   2.50,USD,2.41,2.50,0.00%,0.00%,20.00%,40.00%,0.00%,60.00%,1.5,1.00,1.5,3,4.00,0.75,60%,29%,
Middle SDI,Mongolia,  3 400.00,MNT,5.19,1.64,20.47%,0.00%,9.09%,1.44%,0.00%,31.00%,0.5084,1.13,2.8864,3.3948,4.53,0.75,176%,84%,
High-middle SDI,Montenegro,   1.70,EUR,4.74,1.89,25.88%,33.00%,15.97%,0.00%,0.00%,74.85%,1.414665,0.48,0.01134,1.426005,1.90,0.75,1%,0%,
Low-middle SDI,Morocco,   20.50,MAD,5.70,2.10,45.56%,10.24%,15.43%,0.00%,0.00%,71.24%,1.49604,0.60,0.31584,1.81188,2.42,0.75,15%,7%,
Low SDI,Mozambique,   35.00,MZN,1.80,0.51,16.86%,0.00%,14.53%,0.00%,0.00%,31.39%,0.160089,0.35,0.889644,1.049733,1.40,0.75,174%,84%,
Low-middle SDI,Myanmar,   850.00,MMK,3.05,0.72,35.29%,0.00%,0.00%,0.00%,0.00%,35.29%,0.254088,0.47,1.143648,1.397736,1.86,0.75,159%,76%,
Low-middle SDI,Namibia,   44.00,NAD,7.30,3.11,30.09%,0.00%,13.04%,0.00%,0.00%,43.13%,1.341343,1.77,3.964628,5.305971,7.07,0.75,127%,61%,
Low-middle SDI,Nepal,   180.00,NPR,5.73,1.68,14.84%,0.00%,11.50%,0.00%,0.00%,26.35%,0.44268,1.24,3.26928,3.71196,4.95,0.75,195%,93%,
High SDI,Netherlands,   6.63,EUR,8.33,7.37,54.01%,0.83%,17.36%,0.00%,0.00%,72.20%,5.32114,2.05,0.82544,6.14658,8.20,0.75,11%,5%,
High SDI,New Zealand,   21.60,NZD,14.69,15.36,61.90%,0.00%,13.04%,0.00%,0.00%,74.94%,11.510784,3.85,0.036864,11.547648,15.40,0.75,0%,0%,
Low-middle SDI,Nicaragua,   50.00,NIO,4.36,1.74,22.05%,0.00%,13.04%,0.00%,0.00%,35.09%,0.610566,1.13,2.777736,3.388302,4.52,0.75,160%,77%,
Low SDI,Niger,   500.00,XOF,2.27,0.85,0.00%,18.11%,15.97%,0.00%,1.19%,35.27%,0.299795,0.55,1.35082,1.650615,2.20,0.75,159%,76%,
Low-middle SDI,Nigeria,   220.00,NGN,2.26,0.70,0.00%,15.87%,4.76%,0.00%,0.00%,20.63%,0.14441,0.56,1.52236,1.66677,2.22,0.75,217%,100%,
High-middle SDI,Northern Mariana Islands,NA,NA,NA,NA,NA,NA,NA,NA,NA,NA,NA,NA,NA,NA,NA,NA,NA,NA,
High SDI,Norway,   108.60,NOK,12.46,12.69,46.04%,0.00%,20.00%,0.00%,0.00%,66.04%,8.380476,4.31,4.548096,12.928572,17.24,0.75,36%,17%,
Middle SDI,Oman,   1.00,OMR,7.52,2.60,0.00%,0.00%,0.00%,20.00%,0.00%,20.00%,0.52,2.08,5.72,6.24,8.32,0.75,220%,100%,
Low-middle SDI,Pakistan,   67.00,PKR,2.24,0.64,45.79%,0.00%,14.53%,0.00%,0.00%,60.32%,0.386048,0.25,0.375808,0.761856,1.02,0.75,59%,28%,
High-middle SDI,Panama,   4.25,PAB,7.17,4.25,0.00%,43.48%,13.04%,0.00%,0.00%,56.52%,2.4021,1.85,3.1416,5.5437,7.39,0.75,74%,35%,
Low SDI,Papua New Guinea,   21.60,PGK,9.81,6.81,27.78%,0.00%,9.09%,0.00%,0.00%,36.87%,2.510847,4.30,10.386612,12.897459,17.20,0.75,153%,73%,
Middle SDI,Paraguay,  2 000.00,PYG,0.83,0.36,0.00%,8.31%,9.09%,0.00%,0.00%,17.40%,0.06264,0.30,0.82944,0.89208,1.19,0.75,230%,100%,
Middle SDI,Peru,   10.50,PEN,6.63,3.13,34.29%,0.00%,15.25%,0.00%,0.00%,49.54%,1.550602,1.58,3.187592,4.738194,6.32,0.75,102%,49%,
Middle SDI,Philippines,   40.50,PHP,2.25,0.86,51.85%,0.00%,10.71%,0.00%,0.00%,62.57%,0.538102,0.32,0.427592,0.965694,1.29,0.75,50%,24%,
High SDI,Poland,   14.70,PLN,8.37,3.73,28.13%,31.41%,18.70%,0.00%,0.00%,78.24%,2.918352,0.81,0,2.918352,3.73,0.7824,0%,0%,
High-middle SDI,Portugal,   4.80,EUR,7.73,5.33,37.85%,17.00%,18.70%,0.00%,0.00%,73.55%,3.920215,1.41,0.30914,4.229355,5.64,0.75,6%,3%,
High SDI,Puerto Rico,NA,NA,NA,NA,NA,NA,NA,NA,NA,NA,NA,NA,NA,NA,NA,NA,NA,NA,
High-middle SDI,Qatar,   10.00,QAR,5.87,2.75,0.00%,0.00%,0.00%,20.00%,0.00%,20.00%,0.55,2.20,6.05,6.6,8.80,0.75,220%,100%,
High SDI,South Korea,  4 500.00,KRW,5.38,4.02,64.76%,0.00%,9.09%,0.00%,0.00%,73.85%,2.96877,1.05,0.18492,3.15369,4.20,0.75,5%,2%,
Middle SDI,Moldova,   20.00,MDL,2.79,1.01,30.00%,12.00%,16.67%,0.00%,0.00%,58.67%,0.592567,0.42,0.659732,1.252299,1.67,0.75,65%,31%,
High-middle SDI,Romania,   16.00,RON,9.37,3.98,41.16%,14.00%,16.67%,0.00%,0.00%,71.83%,2.858834,1.12,0.504664,3.363498,4.48,0.75,13%,6%,
High-middle SDI,Russian Federation,   105.00,RUB,4.60,1.57,23.81%,12.00%,15.25%,0.00%,0.00%,51.06%,0.801642,0.77,1.503432,2.305074,3.07,0.75,96%,46%,
Low SDI,Rwanda,   400.00,RWF,1.36,0.50,7.50%,36.00%,11.23%,0.00%,0.00%,54.73%,0.27365,0.23,0.4054,0.67905,0.91,0.75,81%,39%,
Middle SDI,Saint Lucia,   9.00,XCD,4.83,3.33,39.11%,0.00%,13.04%,0.00%,0.93%,53.09%,1.767897,1.56,2.918412,4.686309,6.25,0.75,88%,42%,
Middle SDI,Saint Vincent and the Grenadines,   6.00,XCD,3.60,2.22,5.17%,2.48%,13.04%,0.00%,0.00%,20.69%,0.459318,1.76,4.822728,5.282046,7.04,0.75,217%,100%,
Low-middle SDI,Samoa,   11.50,WST,5.96,4.52,38.54%,0.00%,13.04%,0.00%,0.00%,51.58%,2.331416,2.19,4.234336,6.565752,8.75,0.75,94%,45%,
Low SDI,Sao Tome and Principe,  20 000.00,STD,1.79,0.91,0.00%,18.33%,0.00%,6.67%,0.00%,25.00%,0.2275,0.68,1.82,2.0475,2.73,0.75,200%,96%,
High-middle SDI,Saudi Arabia,   12.00,SAR,8.69,3.20,16.67%,0.00%,0.00%,16.67%,0.00%,33.33%,1.06656,2.13,5.33376,6.40032,8.53,0.75,167%,80%,
Low SDI,Senegal,   500.00,XOF,2.27,0.85,0.00%,22.50%,15.25%,0.00%,0.00%,37.75%,0.320875,0.53,1.2665,1.587375,2.12,0.75,149%,72%,
High-middle SDI,Serbia,   220.00,RSD,5.38,1.98,28.05%,33.00%,16.67%,0.00%,0.00%,77.71%,1.538658,0.44,0,1.538658,1.98,0.7771,0%,0%,
Middle SDI,Seychelles,   105.00,SCR,14.49,7.90,57.71%,0.00%,13.04%,0.00%,0.00%,70.76%,5.59004,2.31,1.33984,6.92988,9.24,0.75,17%,8%,
Low SDI,Sierra Leone,  3 500.00,SLL,1.44,0.57,0.00%,0.00%,13.04%,0.00%,0.11%,13.16%,0.075012,0.49,1.409952,1.484964,1.98,0.75,247%,100%,
High SDI,Singapore,   13.00,SGD,15.66,9.65,59.69%,0.00%,6.54%,0.00%,0.00%,66.23%,6.391195,3.26,3.38522,9.776415,13.04,0.75,35%,17%,
High SDI,Slovakia,   3.10,EUR,6.49,3.45,38.39%,23.00%,16.67%,0.00%,0.00%,78.06%,2.69307,0.76,0,2.69307,3.45,0.7806,0%,0%,
High SDI,Slovenia,   3.50,EUR,5.85,3.89,39.33%,21.18%,18.03%,0.00%,0.00%,78.54%,3.055206,0.83,0,3.055206,3.89,0.7854,0%,0%,
Low SDI,Solomon Islands,   32.00,SBD,3.94,4.04,19.80%,0.00%,9.09%,0.00%,0.00%,28.89%,1.167156,2.87,7.451376,8.618532,11.49,0.75,184%,89%,
Low SDI,Somalia,  12 000.00,SOS,NA,0.49,0.00%,0.00%,0.00%,4.46%,0.00%,4.46%,0.021854,0.47,1.382584,1.404438,1.87,0.75,282%,100%,
Middle SDI,South Africa,   33.00,ZAR,5.68,2.33,40.12%,0.00%,12.28%,0.00%,0.00%,52.40%,1.22092,1.11,2.10632,3.32724,4.44,0.75,90%,43%,
Low SDI,South Sudan,   60.00,SSP,7.95,1.15,0.00%,20.62%,4.47%,0.00%,6.19%,31.27%,0.359605,0.79,2.01158,2.371185,3.16,0.75,175%,84%,
High-middle SDI,Spain,   4.85,EUR,7.30,5.39,9.94%,51.00%,17.36%,0.00%,0.00%,78.29%,4.219831,1.17,0,4.219831,5.39,0.7829,0%,0%,
Middle SDI,Sri Lanka,  1 000.00,LKR,19.58,6.86,47.50%,3.93%,10.71%,0.00%,0.00%,62.15%,4.26349,2.60,3.52604,7.78953,10.39,0.75,51%,25%,
Low-middle SDI,Sudan,   20.00,SDG,6.14,3.33,0.00%,59.57%,14.53%,0.00%,0.00%,74.10%,2.46753,0.86,0.11988,2.58741,3.45,0.75,4%,2%,
Middle SDI,Suriname,   17.00,SRD,5.54,2.36,55.98%,0.00%,7.54%,0.00%,0.38%,63.90%,1.50804,0.85,1.04784,2.55588,3.41,0.75,44%,21%,
Low-middle SDI,Swaziland,   36.00,SZL,7.26,2.54,36.78%,0.00%,12.28%,0.00%,0.00%,49.06%,1.246124,1.29,2.635504,3.881628,5.18,0.75,104%,50%,
High SDI,Sweden,   63.16,SEK,7.21,7.34,47.50%,1.00%,20.00%,0.00%,0.00%,68.50%,5.0279,2.31,1.9084,6.9363,9.25,0.75,26%,12%,
High SDI,Switzerland,   8.50,CHF,6.49,8.72,28.45%,25.00%,7.41%,0.00%,0.00%,60.86%,5.306992,3.41,4.932032,10.239024,13.65,0.75,57%,27%,
Low-middle SDI,Syria,   130.00,SYP,NA,0.27,0.00%,40.00%,0.00%,0.00%,20.00%,60.00%,0.162,0.11,0.162,0.324,0.43,0.75,60%,29%,
High SDI,Taiwan,NA,NA,NA,NA,NA,NA,NA,NA,NA,NA,NA,NA,NA,NA,NA,NA,NA,NA,
Low-middle SDI,Tajikistan,   5.50,TJS,2.69,0.70,3.18%,0.00%,15.25%,9.54%,0.00%,27.97%,0.19579,0.50,1.31684,1.51263,2.02,0.75,188%,90%,
Middle SDI,Thailand,   86.00,THB,7.08,2.47,2.16%,64.77%,6.54%,0.00%,0.00%,73.48%,1.814956,0.66,0.150176,1.965132,2.62,0.75,6%,3%,
High-middle SDI,Macedonia,   66.32,MKD,3.45,1.20,46.84%,9.00%,15.25%,0.00%,0.00%,71.09%,0.85308,0.35,0.18768,1.04076,1.39,0.75,16%,8%,
Low-middle SDI,Timor-Leste,   1.50,USD,2.98,1.50,25.33%,0.00%,2.44%,0.23%,0.00%,28.01%,0.42015,1.08,2.8194,3.23955,4.32,0.75,188%,90%,
Low SDI,Togo,   500.00,XOF,2.19,0.85,0.00%,6.61%,3.83%,0.00%,0.15%,10.58%,0.08993,0.76,2.19028,2.28021,3.04,0.75,258%,100%,
Low-middle SDI,Tonga,   12.00,TOP,7.46,5.43,63.33%,0.00%,1.91%,1.91%,0.00%,67.15%,3.646245,1.78,1.70502,5.351265,7.14,0.75,31%,15%,
High-middle SDI,Trinidad and Tobago,   26.00,TTD,7.48,3.87,14.65%,0.00%,11.11%,0.00%,0.00%,25.76%,0.996912,2.87,7.622352,8.619264,11.49,0.75,197%,95%,
Middle SDI,Tunisia,   2.55,TND,3.67,1.15,40.20%,26.19%,8.21%,0.00%,0.00%,74.60%,0.8579,0.29,0.0184,0.8763,1.17,0.75,2%,1%,
High-middle SDI,Turkey,   13.50,TRY,10.26,4.48,1.89%,65.25%,15.25%,0.00%,0.00%,82.39%,3.691072,0.79,0,3.691072,4.48,0.8239,0%,0%,
High-middle SDI,Turkmenistan,   19.00,TMT,14.06,5.43,0.00%,11.84%,6.32%,0.00%,8.68%,26.84%,1.457412,3.97,10.460352,11.917764,15.89,0.75,193%,92%,
Low SDI,Uganda,  2 500.00,UGX,2.44,0.74,40.00%,0.00%,10.85%,0.00%,0.00%,50.85%,0.37629,0.36,0.71484,1.09113,1.45,0.75,97%,46%,
High-middle SDI,Ukraine,   14.70,UAH,2.25,0.59,57.93%,0.00%,16.67%,0.00%,4.76%,79.35%,0.468165,0.12,0,0.468165,0.59,0.7935,0%,0%,
High-middle SDI,United Arab Emirates,   11.00,AED,5.33,3.00,0.00%,0.00%,0.00%,18.18%,0.00%,18.18%,0.5454,2.45,6.8184,7.3638,9.82,0.75,227%,100%,
High SDI,United Kingdom,   8.30,GBP,11.98,10.94,47.33%,16.50%,16.67%,0.00%,0.00%,80.50%,8.8067,2.13,0,8.8067,10.94,0.805,0%,0%,
Low SDI,Tanzania,  3 000.00,TZS,4.40,1.38,18.68%,0.00%,15.25%,0.00%,0.00%,33.94%,0.468372,0.91,2.266512,2.734884,3.65,0.75,164%,79%,
High SDI,United States,   6.43,USD,6.43,6.43,37.81%,0.00%,5.20%,0.00%,0.00%,43.01%,2.765543,3.66,8.227828,10.993371,14.66,0.75,128%,61%,
Middle SDI,Uruguay,   110.00,UYU,5.01,3.70,47.47%,0.00%,18.03%,0.00%,0.00%,65.51%,2.42387,1.28,1.40452,3.82839,5.10,0.75,38%,18%,
Middle SDI,Uzbekistan,  3 000.00,UZS,3.10,1.01,19.20%,0.00%,16.67%,0.00%,0.00%,35.86%,0.362186,0.65,1.581256,1.943442,2.59,0.75,157%,75%,
Low-middle SDI,Vanuatu,   720.00,VUV,6.09,6.60,44.44%,0.00%,6.20%,1.83%,0.00%,52.48%,3.46368,3.14,5.94528,9.40896,12.55,0.75,90%,43%,
Middle SDI,Venezuela,  1 400.00,VEF,22.12,NA,0.00%,67.57%,3.47%,0.00%,2.00%,73.04%,NA,NA,NA,NA,NA,NA,NA,NA,
Middle SDI,Vietnam,  20 000.00,VND,2.61,0.91,0.00%,28.70%,6.97%,0.00%,0.00%,35.67%,0.324597,0.59,1.431612,1.756209,2.34,0.75,157%,76%,
High SDI,"Virgin Islands, U.S.",NA,NA,NA,NA,NA,NA,NA,NA,NA,NA,NA,NA,NA,NA,NA,NA,NA,NA,
Low SDI,Palestine,   22.00,ILS,NA,5.75,35.91%,33.26%,13.04%,0.00%,0.00%,82.21%,4.727075,1.02,0,4.727075,5.75,0.8221,0%,0%,
Low SDI,Yemen,   350.00,YER,3.16,1.63,5.14%,0.00%,47.37%,0.00%,0.00%,52.51%,0.855913,0.77,1.466348,2.322261,3.10,0.75,90%,43%,
Low-middle SDI,Zambia,   17.00,ZMW,4.81,1.66,0.00%,23.53%,13.79%,0.00%,0.00%,37.32%,0.619512,1.04,2.501952,3.121464,4.16,0.75,151%,72%,
Low-middle SDI,Zimbabwe,   1.75,USD,3.49,1.75,22.86%,0.00%,13.04%,0.00%,0.00%,35.90%,0.62825,1.12,2.737,3.36525,4.49,0.75,156%,75%,
